LOCATION_NAME,IMS_YEAR,TN_PROPOSALS,TN_LEN,TN_AMT,POP1001,POP999,POP499,POP250,TU_PROPOSALS,TU_LEN,TU_AMT,TN_PROPOSALS_LSB,TOT_PROP,TOT_LEN,TOT_AMT,CCN_PROPOSALS,CCN_LEN,CCN_AMT,CCPOP1000,CCPOP999,CCPOP499,CCPOP2501,CCU_PROPOSALS,CCU_LEN,CCU_AMT,TN_COMPLETED_LSB,CCTOT_PROP,CCTOT_LEN,CCTOT_AMT
Ahmednagar,2000 - 2001,0,0,0,0,0,0,0,28,46.25,442.35,0,28,46.25,442.35,0,0,0,0,0,0,0,28,46.15,242.59,0,28,46.15,242.59
Ahmednagar,2001 - 2002,25,54.45,797.87,5,19,0,0,0,0,0,0,25,54.45,797.87,25,54.19,753.44,5,19,0,0,0,0,0,0,25,54.19,753.44
Ahmednagar,2003 - 2004,24,68.03,"1,142.30",1,23,0,0,0,0,0,0,24,68.03,"1,142.30",24,66.788,"1,073.59",1,23,0,0,0,0,0,0,24,66.788,"1,073.59"
Ahmednagar,2004 - 2005,6,14.52,282.55,0,4,2,0,0,0,0,0,6,14.52,282.55,6,14.105,277.01,0,4,2,0,0,0,0,0,6,14.105,277.01
Ahmednagar,2006 - 2007,3,6.25,181.28,0,1,2,0,17,332.14,"7,112.73",0,20,338.39,"7,294.01",3,6.065,185.21,0,1,2,0,17,327.584,"7,094.32",0,20,333.649,"7,279.53"
Ahmednagar,2007 - 2008,0,0,0,0,0,0,0,10,266.87,"8,463.17",0,10,266.87,"8,463.17",0,0,0,0,0,0,0,10,248.475,"8,443.95",0,10,248.475,"8,443.95"
Ahmednagar,2010 - 2011,13,33.97,"1,039.05",0,13,0,0,18,278.045,"7,549.03",0,31,312.015,"8,588.08",13,34.079,"1,248.64",0,13,0,0,18,265.352,"7,755.44",0,31,299.431,"9,004.08"
Ahmednagar,2012 - 2013,21,50.735,"2,574.55",0,19,1,0,2,24.66,"1,347.60",14,23,75.395,"5,758.25",21,48.845,"2,027.35",0,19,1,0,2,23.26,"1,073.82",14,23,72.105,"4,695.89"
Ahmednagar,2013 - 2014,3,7.65,427.3,0,0,3,0,34,170.67,"9,021.95",3,37,178.32,"9,449.25",3,7.39,423.28,0,0,3,0,34,161.41,"8,106.64",3,37,168.8,"8,929.69"
Ahmednagar,2017 - 2018,18,49.495,"2,622.86",0,18,0,0,0,0,0,1,18,49.495,"2,663.24",17,48.46,"3,021.92",0,17,0,0,0,0,0,1,17,48.46,"3,066.31"
Ahmednagar,2020 - 2021,0,0,0,0,0,0,0,8,63.32,"4,155.73",0,8,63.32,"4,155.73",0,0,0,0,0,0,0,8,63.32,"4,037.38",0,8,63.32,"4,037.38"
Ahmednagar,2022 - 2023,0,0,0,0,0,0,0,39,281.45,"21,337.60",0,39,281.45,"21,337.60",0,0,0,0,0,0,0,15,210.295,"16,943.38",0,15,210.295,"16,943.38"
Ahmednagar,2023 - 2024,0,0,0,0,0,0,0,5,28.27,"3,053.89",4,5,28.27,"3,053.89",0,0,0,0,0,0,0,0,0,103.21,0,0,0,103.21
Ahmednagar,2024 - 2025,0,0,0,0,0,0,0,7,41.41,"3,615.07",0,7,41.41,"3,615.07",0,0,0,0,0,0,0,0,0,0,0,0,0,0
Akola,2000 - 2001,0,0,0,0,0,0,0,31,47.98,339.42,0,31,47.98,339.42,0,0,0,0,0,0,0,31,47.98,46.3,0,31,47.98,46.3
Akola,2001 - 2002,15,38,788.15,1,14,0,0,0,0,0,0,15,38,788.15,15,38,"1,230.52",1,14,0,0,0,0,0,0,15,38,"1,230.52"
Akola,2003 - 2004,4,11.76,185.77,0,2,0,0,0,0,0,0,4,11.76,185.77,4,11.76,142.23,0,2,0,0,0,0,0,0,4,11.76,142.23
Akola,2004 - 2005,0,0,0,0,0,0,0,2,5.57,84.03,0,2,5.57,84.03,0,0,0,0,0,0,0,2,5.57,64.77,0,2,5.57,64.77
Akola,2006 - 2007,3,9.82,187.76,0,3,0,0,42,176.36,"2,425.45",0,45,186.18,"2,613.21",3,9.82,180.04,0,3,0,0,42,176.26,"2,360.41",0,45,186.08,"2,540.45"
Akola,2007 - 2008,0,0,0,0,0,0,0,11,138.5,"4,149.30",0,11,138.5,"4,149.30",0,0,0,0,0,0,0,11,123.5,"4,127.40",0,11,123.5,"4,127.40"
Akola,2010 - 2011,2,4,253.51,0,2,0,0,14,177.8,"5,441.94",0,16,181.8,"5,695.45",2,4,250.37,0,2,0,0,14,177.8,"6,028.62",0,16,181.8,"6,278.99"
Akola,2012 - 2013,0,0,0,0,0,0,0,1,13.2,"1,378.03",15,1,13.2,"2,656.90",0,0,0,0,0,0,0,1,13.2,889.07,15,1,13.2,"1,822.27"
Akola,2013 - 2014,0,0,0,0,0,0,0,3,22.8,"1,583.97",0,3,22.8,"1,583.97",0,0,0,0,0,0,0,3,22.8,"1,458.52",0,3,22.8,"1,458.52"
Akola,2014 - 2015,0,0,0,0,0,0,0,2,20.4,"1,616.59",5,2,20.4,"1,616.59",0,0,0,0,0,0,0,2,20.4,"1,051.79",5,2,20.4,"1,663.08"
Akola,2020 - 2021,0,0,0,0,0,0,0,9,105.31,"8,589.08",0,9,105.31,"8,589.08",0,0,0,0,0,0,0,9,105.31,"10,437.31",0,9,105.31,"10,437.31"
Akola,2022 - 2023,0,0,0,0,0,0,0,1,10.7,"1,201.53",0,1,10.7,"1,201.53",0,0,0,0,0,0,0,1,10.7,994.29,0,1,10.7,994.29
Amrawati,2000 - 2001,0,0,0,0,0,0,0,38,82,487.4,0,38,82,487.4,0,0,0,0,0,0,0,38,82,433.48,0,38,82,433.48
Amrawati,2001 - 2002,2,7.3,133.62,0,2,0,0,8,36.75,496.22,0,10,44.05,629.84,2,7.3,134.16,0,2,0,0,8,36.75,465.69,0,10,44.05,599.85
Amrawati,2003 - 2004,0,0,0,0,0,0,0,3,12,153.04,0,3,12,153.04,0,0,0,0,0,0,0,3,12,169.25,0,3,12,169.25
Amrawati,2004 - 2005,0,0,0,0,0,0,0,3,9.25,102.76,0,3,9.25,102.76,0,0,0,0,0,0,0,3,9.25,132.52,0,3,9.25,132.52
Amrawati,2006 - 2007,0,0,0,0,0,0,0,34,169.5,"2,519.05",0,34,169.5,"2,519.05",0,0,0,0,0,0,0,34,169.5,"2,642.40",0,34,169.5,"2,642.40"
Amrawati,2007 - 2008,0,0,0,0,0,0,0,8,101.1,"2,565.88",0,8,101.1,"2,565.88",0,0,0,0,0,0,0,8,97.1,"2,860.52",0,8,97.1,"2,860.52"
Amrawati,2010 - 2011,0,0,0,0,0,0,0,15,114.78,"2,877.66",0,15,114.78,"2,877.66",0,0,0,0,0,0,0,15,107.28,"2,571.75",0,15,107.28,"2,571.75"
Amrawati,2012 - 2013,0,0,0,0,0,0,0,1,15.2,872.66,25,1,15.2,"2,695.07",0,0,0,0,0,0,0,1,15,914.21,25,1,15,"2,619.28"
Amrawati,2013 - 2014,0,0,0,0,0,0,0,19,98.65,"4,309.28",1,19,98.65,"4,372.33",0,0,0,0,0,0,0,19,96.45,"3,868.73",1,19,96.45,"3,924.95"
Amrawati,2014 - 2015,0,0,0,0,0,0,0,1,11.6,778.19,2,1,11.6,778.19,0,0,0,0,0,0,0,1,11.6,540.47,2,1,11.6,732.26
Amrawati,2020 - 2021,0,0,0,0,0,0,0,28,180.125,"12,969.87",0,28,180.125,"12,969.87",0,0,0,0,0,0,0,26,173.591,"11,863.92",0,26,173.591,"11,863.92"
Amrawati,2023 - 2024,0,0,0,0,0,0,0,0,0,"4,233.58",22,0,0,"4,233.58",0,0,0,0,0,0,0,0,0,0,0,0,0,"1,233.13"
Aurangabad,2000 - 2001,0,0,0,0,0,0,0,32,48.76,414.19,0,32,48.76,414.19,0,0,0,0,0,0,0,32,48.76,281.17,0,32,48.76,281.17
Aurangabad,2001 - 2002,14,34.62,506.01,3,9,0,0,13,31.24,337.61,0,27,65.86,843.62,14,34.62,151.03,3,9,0,0,13,31.24,317.79,0,27,65.86,468.82
Aurangabad,2003 - 2004,1,2.25,51.02,0,1,0,0,9,36.91,511.15,0,10,39.16,562.17,1,2.25,0,0,1,0,0,9,36.91,429.31,0,10,39.16,429.31
Aurangabad,2006 - 2007,1,7.61,137.98,0,2,0,0,31,148.12,"2,629.91",0,32,155.73,"2,767.89",1,7.61,108.07,0,2,0,0,31,148.12,"3,941.50",0,32,155.73,"4,049.57"
Aurangabad,2007 - 2008,0,0,0,0,0,0,0,12,135.565,"3,908.32",0,12,135.565,"3,908.32",0,0,0,0,0,0,0,12,135.56,"3,824.66",0,12,135.56,"3,824.66"
Aurangabad,2010 - 2011,3,5.72,194.27,0,5,0,0,49,215.29,"5,458.79",0,52,221.01,"5,653.06",3,5.72,308.2,0,5,0,0,49,202.24,"3,987.22",0,52,207.96,"4,295.42"
Aurangabad,2012 - 2013,0,0,0,0,0,0,0,2,6,328.13,44,2,6,"4,101.02",0,0,0,0,0,0,0,2,6,335.82,44,2,6,"4,097.07"
Aurangabad,2013 - 2014,0,0,0,0,0,0,0,15,75.95,"4,261.54",2,15,75.95,"4,261.54",0,0,0,0,0,0,0,15,74.383,"3,315.38",2,15,74.383,"3,754.38"
Aurangabad,2014 - 2015,0,0,0,0,0,0,0,4,20.6,"1,476.86",2,4,20.6,"1,476.86",0,0,0,0,0,0,0,4,20.6,"1,084.17",2,4,20.6,"1,278.69"
Aurangabad,2020 - 2021,0,0,0,0,0,0,0,20,151.761,"11,974.65",0,20,151.761,"11,974.65",0,0,0,0,0,0,0,17,143.452,"11,223.09",0,17,143.452,"11,223.09"
Aurangabad,2022 - 2023,0,0,0,0,0,0,0,1,3.5,333.35,0,1,3.5,333.35,0,0,0,0,0,0,0,0,0,0,0,0,0,0
Aurangabad,2023 - 2024,0,0,0,0,0,0,0,1,6.1,"3,627.27",15,1,6.1,"3,627.27",0,0,0,0,0,0,0,0,0,0,0,0,0,105.51
Aurangabad,2024 - 2025,0,0,0,0,0,0,0,5,30.67,"2,779.65",0,5,30.67,"2,779.65",0,0,0,0,0,0,0,0,5,484.6,0,0,5,484.6
Beed,2000 - 2001,0,0,0,0,0,0,0,34,40.16,346.26,0,34,40.16,346.26,0,0,0,0,0,0,0,34,40.16,0.84,0,34,40.16,0.84
Beed,2001 - 2002,11,16.38,232.43,2,8,0,0,26,43.28,448.84,0,37,59.66,681.27,11,16.38,249.27,2,8,0,0,26,43.28,457.49,0,37,59.66,706.76
Beed,2003 - 2004,0,0,0,0,0,0,0,7,23.8,153.47,0,7,23.8,153.47,0,0,0,0,0,0,0,7,23.8,172.8,0,7,23.8,172.8
Beed,2004 - 2005,0,0,0,0,0,0,0,6,13.9,135.12,0,6,13.9,135.12,0,0,0,0,0,0,0,6,13.9,135.41,0,6,13.9,135.41
Beed,2006 - 2007,1,0.8,18,0,1,0,0,75,313.9,"3,381.75",0,76,314.7,"3,399.75",1,0.8,23.07,0,1,0,0,75,309.75,"3,329.09",0,76,310.55,"3,352.16"
Beed,2007 - 2008,0,0,0,0,0,0,0,9,137.1,"3,128.01",0,9,137.1,"3,128.01",0,0,0,0,0,0,0,9,133,"3,323.99",0,9,133,"3,323.99"
Beed,2010 - 2011,4,6.74,189.16,0,5,0,0,50,238.82,"5,572.09",0,54,245.56,"5,761.25",4,6.74,385.19,0,5,0,0,50,237.92,"5,990.77",0,54,244.66,"6,375.96"
Beed,2012 - 2013,0,0,0,0,0,0,0,2,19.31,954.07,31,2,19.31,"3,604.15",0,0,0,0,0,0,0,2,19.31,"1,003.57",31,2,19.31,"3,547.78"
Beed,2013 - 2014,0,0,0,0,0,0,0,7,57.03,"3,461.75",4,7,57.03,"3,461.75",0,0,0,0,0,0,0,7,54.844,"2,652.10",4,7,54.844,"3,047.05"
Beed,2014 - 2015,0,0,0,0,0,0,0,5,44.69,"3,342.78",5,5,44.69,"3,342.78",0,0,0,0,0,0,0,5,44.69,"2,812.25",5,5,44.69,"3,258.16"
Beed,2020 - 2021,0,0,0,0,0,0,0,8,62.15,"5,049.27",0,8,62.15,"5,049.27",0,0,0,0,0,0,0,8,60.5,"5,311.74",0,8,60.5,"5,311.74"
Beed,2022 - 2023,0,0,0,0,0,0,0,19,107.46,"9,475.89",0,19,107.46,"9,475.89",0,0,0,0,0,0,0,3,53.26,"5,201.21",0,3,53.26,"5,201.21"
Beed,2023 - 2024,0,0,0,0,0,0,0,3,15.95,"2,380.28",3,3,15.95,"2,380.28",0,0,0,0,0,0,0,0,0,70.32,0,0,0,70.32
Beed,2024 - 2025,0,0,0,0,0,0,0,5,38.8,"2,903.18",0,5,38.8,"2,903.18",0,0,0,0,0,0,0,0,0,0,0,0,0,0
Bhandara,2000 - 2001,0,0,0,0,0,0,0,10,25.8,221.32,0,10,25.8,221.32,0,0,0,0,0,0,0,10,24.55,21.21,0,10,24.55,21.21
Bhandara,2001 - 2002,0,0,0,0,0,0,0,24,62.55,742.31,0,24,62.55,742.31,0,0,0,0,0,0,0,24,63.06,715.15,0,24,63.06,715.15
Bhandara,2003 - 2004,0,0,0,0,0,0,0,5,14.8,138.12,0,5,14.8,138.12,0,0,0,0,0,0,0,5,14.3,160.54,0,5,14.3,160.54
Bhandara,2004 - 2005,0,0,0,0,0,0,0,3,11.3,141.62,0,3,11.3,141.62,0,0,0,0,0,0,0,3,11.45,98.77,0,3,11.45,98.77
Bhandara,2006 - 2007,0,0,0,0,0,0,0,55,161.97,"2,113.95",0,55,161.97,"2,113.95",0,0,0,0,0,0,0,55,161.21,"2,284.35",0,55,161.21,"2,284.35"
Bhandara,2007 - 2008,0,0,0,0,0,0,0,15,96.09,"2,539.10",0,15,96.09,"2,539.10",0,0,0,0,0,0,0,15,96.849,"2,409.14",0,15,96.849,"2,409.14"
Bhandara,2008 - 2009,0,0,0,0,0,0,0,9,45.85,"1,064.66",0,9,45.85,"1,064.66",0,0,0,0,0,0,0,9,44.51,252.88,0,9,44.51,252.88
Bhandara,2010 - 2011,0,0,0,0,0,0,0,16,83.89,"2,249.61",0,16,83.89,"2,249.61",0,0,0,0,0,0,0,16,83.37,"3,059.76",0,16,83.37,"3,059.76"
Bhandara,2013 - 2014,0,0,0,0,0,0,0,10,66.61,"3,610.44",8,10,66.61,"4,211.84",0,0,0,0,0,0,0,10,65.785,"3,231.20",8,10,65.785,"3,735.62"
Bhandara,2020 - 2021,0,0,0,0,0,0,0,20,124.1,"9,376.56",0,20,124.1,"9,376.56",0,0,0,0,0,0,0,18,121.344,"7,277.62",0,18,121.344,"7,277.62"
Bhandara,2022 - 2023,0,0,0,0,0,0,0,4,24.51,"1,644.83",0,4,24.51,"1,644.83",0,0,0,0,0,0,0,2,24.274,"1,109.08",0,2,24.274,"1,109.08"
Bhandara,2023 - 2024,0,0,0,0,0,0,0,0,0,190.75,1,0,0,190.75,0,0,0,0,0,0,0,0,0,0,0,0,0,85.19
Buldhana,2000 - 2001,3,8.5,60.65,0,1,0,0,19,24.3,346.6,0,22,32.8,407.25,3,8.5,0.1,0,1,0,0,19,24.3,80.01,0,22,32.8,80.11
Buldhana,2001 - 2002,13,37.08,599.06,2,10,0,0,5,14.5,226.82,0,18,51.58,825.88,13,37.08,"1,164.55",2,10,0,0,5,14.5,193.93,0,18,51.58,"1,358.48"
Buldhana,2003 - 2004,10,25.42,476.66,2,9,0,0,0,0,0,0,10,25.42,476.66,10,25.42,305.09,2,9,0,0,0,0,0,0,10,25.42,305.09
Buldhana,2004 - 2005,1,3.2,70.62,0,1,0,0,3,8.4,88.3,0,4,11.6,158.92,1,3.2,0,0,1,0,0,3,8.4,612.97,0,4,11.6,612.97
Buldhana,2006 - 2007,8,22,437.31,1,7,0,0,35,146.65,"2,188.12",0,43,168.65,"2,625.43",8,22,277.73,1,7,0,0,35,146.65,"2,222.37",0,43,168.65,"2,500.10"
Buldhana,2007 - 2008,0,0,0,0,0,0,0,8,97.62,"2,097.14",0,8,97.62,"2,097.14",0,0,0,0,0,0,0,8,97.62,"2,105.16",0,8,97.62,"2,105.16"
Buldhana,2010 - 2011,2,10,286.33,0,2,0,0,25,160.26,"4,113.17",0,27,170.26,"4,399.50",2,10,32.24,0,2,0,0,25,160.26,"4,278.16",0,27,170.26,"4,310.40"
Buldhana,2012 - 2013,0,0,0,0,0,0,0,0,0,0,12,0,0,699.44,0,0,0,0,0,0,0,0,0,0,12,0,0,645.76
Buldhana,2013 - 2014,0,0,0,0,0,0,0,2,15.7,771.36,0,2,15.7,771.36,0,0,0,0,0,0,0,2,15.7,725.93,0,2,15.7,725.93
Buldhana,2014 - 2015,0,0,0,0,0,0,0,4,30.55,"1,653.42",2,4,30.55,"1,653.42",0,0,0,0,0,0,0,4,30.55,"1,305.71",2,4,30.55,"1,493.63"
Buldhana,2017 - 2018,1,6.7,700.74,0,1,0,0,0,0,0,2,1,6.7,810.21,1,6.7,613.79,0,1,0,0,0,0,0,2,1,6.7,733.43
Buldhana,2020 - 2021,0,0,0,0,0,0,0,17,86.61,"6,072.96",0,17,86.61,"6,072.96",0,0,0,0,0,0,0,12,75.24,"6,317.64",0,12,75.24,"6,317.64"
Buldhana,2022 - 2023,0,0,0,0,0,0,0,1,6.23,470.91,0,1,6.23,470.91,0,0,0,0,0,0,0,1,6.23,332.66,0,1,6.23,332.66
Buldhana,2023 - 2024,0,0,0,0,0,0,0,0,0,"2,151.23",9,0,0,"2,151.23",0,0,0,0,0,0,0,0,0,0,0,0,0,580.15
Buldhana,2024 - 2025,0,0,0,0,0,0,0,1,7.5,746.62,0,1,7.5,746.62,0,0,0,0,0,0,0,0,0,0,0,0,0,0
Chandrapur,2000 - 2001,0,0,0,0,0,0,0,19,25.3,372.89,0,19,25.3,372.89,0,0,0,0,0,0,0,19,25.3,429.99,0,19,25.3,429.99
Chandrapur,2001 - 2002,0,0,0,0,0,0,0,19,57.91,799.56,0,19,57.91,799.56,0,0,0,0,0,0,0,19,57.92,695.75,0,19,57.92,695.75
Chandrapur,2003 - 2004,2,1.6,37.84,0,0,2,0,4,8.83,87.98,0,6,10.43,125.82,2,1.6,21.82,0,0,2,0,4,8.83,73.59,0,6,10.43,95.41
Chandrapur,2004 - 2005,3,6.66,106.36,0,0,3,0,4,12.67,150.77,0,7,19.33,257.13,3,6.66,64.94,0,0,3,0,4,12.67,149.17,0,7,19.33,214.11
Chandrapur,2006 - 2007,0,0,0,0,0,0,0,26,138.37,"1,649.23",0,26,138.37,"1,649.23",0,0,0,0,0,0,0,26,138.37,"1,561.50",0,26,138.37,"1,561.50"
Chandrapur,2007 - 2008,0,0,0,0,0,0,0,10,160.12,"5,210.75",0,10,160.12,"5,210.75",0,0,0,0,0,0,0,10,160.12,"5,314.15",0,10,160.12,"5,314.15"
Chandrapur,2008 - 2009,0,0,0,0,0,0,0,1,14.65,352.75,0,1,14.65,352.75,0,0,0,0,0,0,0,1,14.65,313.44,0,1,14.65,313.44
Chandrapur,2010 - 2011,0,0,0,0,0,0,0,10,118.73,"3,284.61",0,10,118.73,"3,284.61",0,0,0,0,0,0,0,10,115.31,"1,897.35",0,10,115.31,"1,897.35"
Chandrapur,2012 - 2013,0,0,0,0,0,0,0,2,15.4,788.3,2,2,15.4,"1,179.10",0,0,0,0,0,0,0,2,15.4,736.39,2,2,15.4,"1,075.28"
Chandrapur,2013 - 2014,0,0,0,0,0,0,0,22,176.21,"9,806.17",0,22,176.21,"9,806.17",0,0,0,0,0,0,0,22,175.223,"8,736.61",0,22,175.223,"8,736.61"
Chandrapur,2014 - 2015,0,0,0,0,0,0,0,1,5.25,"1,025.88",1,1,5.25,"1,025.88",0,0,0,0,0,0,0,1,5.25,273.2,1,1,5.25,855.75
Chandrapur,2019 - 2020,0,0,0,0,0,0,0,20,131.96,"10,932.50",44,20,131.96,"19,426.10",0,0,0,0,0,0,0,20,130.31,"9,967.09",44,20,130.31,"17,908.77"
Chandrapur,2020 - 2021,0,0,0,0,0,0,0,20,136.638,"10,625.58",0,20,136.638,"10,625.58",0,0,0,0,0,0,0,17,133.258,"8,528.16",0,17,133.258,"8,528.16"
Chandrapur,2022 - 2023,0,0,0,0,0,0,0,3,27.528,"3,181.24",0,3,27.528,"3,181.24",0,0,0,0,0,0,0,0,8.33,672.26,0,0,8.33,672.26
Chandrapur,2023 - 2024,0,0,0,0,0,0,0,0,0,"4,111.69",18,0,0,"4,111.69",0,0,0,0,0,0,0,0,0,0,0,0,0,852.62
Dhule,2000 - 2001,0,0,0,0,0,0,0,16,22.44,307.59,0,16,22.44,307.59,0,0,0,0,0,0,0,16,22.44,61.35,0,16,22.44,61.35
Dhule,2001 - 2002,5,20.68,276.22,2,1,3,0,10,21.94,376.78,0,15,42.62,653,5,20.68,318.59,2,1,3,0,10,21.94,270.38,0,15,42.62,588.97
Dhule,2003 - 2004,0,0,0,0,0,0,0,4,14.33,192.33,0,4,14.33,192.33,0,0,0,0,0,0,0,4,14.33,153.76,0,4,14.33,153.76
Dhule,2004 - 2005,0,0,0,0,0,0,0,3,7.43,69.49,0,3,7.43,69.49,0,0,0,0,0,0,0,3,7.43,171.79,0,3,7.43,171.79
Dhule,2006 - 2007,9,31.5,762.55,2,3,6,0,41,152.44,"2,749.41",0,50,183.94,"3,511.96",9,31.5,"1,667.36",2,3,6,0,41,152.44,"2,962.28",0,50,183.94,"4,629.64"
Dhule,2007 - 2008,12,45.76,"1,971.95",0,11,2,0,0,0,0,0,12,45.76,"1,971.95",12,45.76,"2,306.80",0,11,2,0,0,0,0,0,12,45.76,"2,306.80"
Dhule,2010 - 2011,0,0,0,0,0,0,0,30,270.225,"9,222.52",0,30,270.225,"9,222.52",0,0,0,0,0,0,0,30,270.205,"10,615.39",0,30,270.205,"10,615.39"
Dhule,2012 - 2013,37,183.82,"10,643.29",0,9,41,0,1,15,"1,182.56",50,38,198.82,"16,196.90",35,146.51,"8,176.35",0,9,41,0,1,15,859.97,50,36,161.51,"12,249.78"
Dhule,2013 - 2014,0,0,0,0,0,0,0,7,59.29,"3,585.35",6,7,59.29,"3,585.35",0,0,0,0,0,0,0,7,59.29,"2,622.44",6,7,59.29,"3,006.29"
Dhule,2020 - 2021,0,0,0,0,0,0,0,1,15.85,994.41,0,1,15.85,994.41,0,0,0,0,0,0,0,1,10.86,649.19,0,1,10.86,649.19
Dhule,2022 - 2023,0,0,0,0,0,0,0,12,109.225,"7,865.81",0,12,109.225,"7,865.81",0,0,0,0,0,0,0,2,73.04,"4,704.85",0,2,73.04,"4,704.85"
Dhule,2023 - 2024,0,0,0,0,0,0,0,0,0,"2,163.40",7,0,0,"2,163.40",0,0,0,0,0,0,0,0,0,0,0,0,0,0
Gadchiroli,2000 - 2001,0,0,0,0,0,0,0,17,40.8,362.9,0,17,40.8,362.9,0,0,0,0,0,0,0,17,40.8,360,0,17,40.8,360
Gadchiroli,2001 - 2002,15,44.19,721.97,4,11,1,0,0,0,0,0,15,44.19,721.97,15,44.19,742.08,4,11,1,0,0,0,0,0,15,44.19,742.08
Gadchiroli,2003 - 2004,3,7.58,83.36,1,2,0,0,2,7.5,108.27,0,5,15.08,191.63,3,7.58,96.71,1,2,0,0,2,7.5,120.27,0,5,15.08,216.98
Gadchiroli,2004 - 2005,0,0,0,0,0,0,0,2,13.5,117.31,0,2,13.5,117.31,0,0,0,0,0,0,0,2,13.5,90.11,0,2,13.5,90.11
Gadchiroli,2006 - 2007,15,43,753.12,0,0,15,0,37,111.57,"1,619.26",0,52,154.57,"2,372.38",15,42.65,745.42,0,0,15,0,37,111.57,"1,792.45",0,52,154.22,"2,537.87"
Gadchiroli,2007 - 2008,0,0,0,0,0,0,0,17,190.02,"6,369.04",0,17,190.02,"6,369.04",0,0,0,0,0,0,0,17,168.371,"5,750.25",0,17,168.371,"5,750.25"
Gadchiroli,2008 - 2009,8,35.3,"1,234.00",0,0,8,0,15,116.85,"3,348.96",0,23,152.15,"4,582.96",8,30.6,996.78,0,0,8,0,15,80.3,"2,927.18",0,23,110.9,"3,923.96"
Gadchiroli,2009 - 2010,8,45.5,"2,028.82",0,0,8,0,59,255.4,"7,589.33",0,67,300.9,"9,618.15",8,42.5,-56.13,0,0,8,0,59,251.65,"13,024.45",0,67,294.15,"12,968.32"
Gadchiroli,2012 - 2013,0,0,0,0,0,0,0,0,0,0,7,0,0,975.89,0,0,0,0,0,0,0,0,0,0,7,0,0,"1,051.69"
Gadchiroli,2014 - 2015,0,0,0,0,0,0,0,10,63.85,"3,710.05",0,10,63.85,"3,710.05",0,0,0,0,0,0,0,10,63.622,"2,571.37",0,10,63.622,"2,571.37"
Gadchiroli,2017 - 2018,74,277.01,"21,997.09",0,0,0,73,10,165.81,"14,346.19",76,84,442.82,"50,519.49",74,277.01,"22,407.28",0,0,0,73,8,155.43,"13,433.26",68,82,432.44,"49,972.36"
Gadchiroli,2019 - 2020,0,0,0,0,0,0,0,16,321.906,"30,725.92",31,16,321.906,"36,574.90",0,0,0,0,0,0,0,11,260.141,"26,505.39",30,11,260.141,"32,086.64"
Gadchiroli,2020 - 2021,0,0,0,0,0,0,0,2,13.18,938.93,0,2,13.18,938.93,0,0,0,0,0,0,0,2,12.65,901.98,0,2,12.65,901.98
Gadchiroli,2022 - 2023,0,0,0,0,0,0,0,12,86.45,"6,292.69",4,12,86.45,"15,621.61",0,0,0,0,0,0,0,8,73.925,"5,344.50",0,8,73.925,"6,065.14"
Gadchiroli,2023 - 2024,0,0,0,0,0,0,0,0,0,"1,304.18",2,0,0,"1,304.18",0,0,0,0,0,0,0,0,0,0,0,0,0,0
Gadchiroli,2024 - 2025,10,31.39,"2,956.66",0,0,0,0,9,53.13,"4,626.20",0,19,84.52,"7,582.86",0,0,0,0,0,0,0,0,0,270.08,0,0,0,270.08
Gondia,2000 - 2001,0,0,0,0,0,0,0,10,12.65,166.13,0,10,12.65,166.13,0,0,0,0,0,0,0,10,12.65,30.81,0,10,12.65,30.81
Gondia,2001 - 2002,10,32.75,457.83,4,7,0,0,16,41.53,436.19,0,26,74.28,894.02,10,26.675,397.12,4,7,0,0,16,32.79,488.27,0,26,59.465,885.39
Gondia,2003 - 2004,2,1.9,29.06,0,1,1,0,5,11.65,124.84,0,7,13.55,153.9,2,2,21.31,0,1,1,0,5,11.4,128.29,0,7,13.4,149.6
Gondia,2004 - 2005,9,40.25,638.18,0,1,9,1,0,0,0,0,9,40.25,638.18,9,44.275,366.5,0,1,9,1,0,0,0,0,9,44.275,366.5
Gondia,2006 - 2007,3,6.7,130.17,0,0,3,0,70,204.25,"2,610.63",0,73,210.95,"2,740.80",3,6.7,78.42,0,0,3,0,70,200.85,"2,505.36",0,73,207.55,"2,583.78"
Gondia,2007 - 2008,0,0,0,0,0,0,0,18,138.552,"3,912.10",0,18,138.552,"3,912.10",0,0,0,0,0,0,0,18,138.547,"4,117.25",0,18,138.547,"4,117.25"
Gondia,2008 - 2009,0,0,0,0,0,0,0,26,107.26,"2,660.70",0,26,107.26,"2,660.70",0,0,0,0,0,0,0,26,107.26,"2,632.27",0,26,107.26,"2,632.27"
Gondia,2009 - 2010,0,0,0,0,0,0,0,72,255.56,"5,538.04",0,72,255.56,"5,538.04",0,0,0,0,0,0,0,71,236.4,"4,889.10",0,71,236.4,"4,889.10"
Gondia,2013 - 2014,0,0,0,0,0,0,0,13,86.81,"4,950.96",14,13,86.81,"6,645.54",0,0,0,0,0,0,0,13,86.42,"3,415.39",14,13,86.42,"5,573.50"
Gondia,2020 - 2021,0,0,0,0,0,0,0,27,167.1,"12,469.74",0,27,167.1,"12,469.74",0,0,0,0,0,0,0,27,166.214,"9,398.66",0,27,166.214,"9,398.66"
Gondia,2022 - 2023,0,0,0,0,0,0,0,4,19.45,"1,265.65",0,4,19.45,"1,265.65",0,0,0,0,0,0,0,4,18.13,880.45,0,4,18.13,880.45
Gondia,2023 - 2024,0,0,0,0,0,0,0,0,0,"1,088.61",2,0,0,"1,088.61",0,0,0,0,0,0,0,0,0,0,0,0,0,509.54
Hingoli,2000 - 2001,0,0,0,0,0,0,0,40,74.37,404.99,0,40,74.37,404.99,0,0,0,0,0,0,0,40,74.37,169.52,0,40,74.37,169.52
Hingoli,2001 - 2002,8,28.9,362.67,3,5,0,0,13,30.53,328.12,0,21,59.43,690.79,8,28.9,380.87,3,5,0,0,13,30.03,399.45,0,21,58.93,780.32
Hingoli,2003 - 2004,6,25.34,421.37,3,5,0,0,0,0,0,0,6,25.34,421.37,6,25.34,417.13,3,5,0,0,0,0,0,0,6,25.34,417.13
Hingoli,2004 - 2005,11,39.7,556.54,1,11,0,0,0,0,0,0,11,39.7,556.54,11,39.7,492.92,1,11,0,0,0,0,0,0,11,39.7,492.92
Hingoli,2006 - 2007,0,0,0,0,0,0,0,38,144.35,"2,381.92",0,38,144.35,"2,381.92",0,0,0,0,0,0,0,38,143.15,"2,325.39",0,38,143.15,"2,325.39"
Hingoli,2007 - 2008,0,0,0,0,0,0,0,5,25.18,830.78,0,5,25.18,830.78,0,0,0,0,0,0,0,5,25.18,990.44,0,5,25.18,990.44
Hingoli,2010 - 2011,0,0,0,0,0,0,0,49,119.7,"2,917.42",0,49,119.7,"2,917.42",0,0,0,0,0,0,0,49,119.7,"3,075.91",0,49,119.7,"3,075.91"
Hingoli,2012 - 2013,0,0,0,0,0,0,0,0,0,0,20,0,0,"1,899.01",0,0,0,0,0,0,0,0,0,0,20,0,0,"1,597.64"
Hingoli,2013 - 2014,0,0,0,0,0,0,0,4,24.4,"1,558.64",1,4,24.4,"1,558.64",0,0,0,0,0,0,0,4,24.4,"1,257.82",1,4,24.4,"1,422.92"
Hingoli,2014 - 2015,0,0,0,0,0,0,0,2,9.5,546.92,0,2,9.5,546.92,0,0,0,0,0,0,0,2,9.5,516.36,0,2,9.5,516.36
Hingoli,2020 - 2021,0,0,0,0,0,0,0,16,111.18,"8,072.48",0,16,111.18,"8,072.48",0,0,0,0,0,0,0,16,108.8,"9,194.25",0,16,108.8,"9,194.25"
Hingoli,2023 - 2024,0,0,0,0,0,0,0,0,0,533.04,3,0,0,533.04,0,0,0,0,0,0,0,0,0,0,0,0,0,125.75
Jalgaon,2000 - 2001,0,0,0,0,0,0,0,36,74.95,596.41,0,36,74.95,596.41,0,0,0,0,0,0,0,36,73.45,173.57,0,36,73.45,173.57
Jalgaon,2001 - 2002,0,0,0,0,0,0,0,18,59.9,764.62,0,18,59.9,764.62,0,0,0,0,0,0,0,18,57.8,721.18,0,18,57.8,721.18
Jalgaon,2003 - 2004,0,0,0,0,0,0,0,5,18.3,186.22,0,5,18.3,186.22,0,0,0,0,0,0,0,5,18.3,216.45,0,5,18.3,216.45
Jalgaon,2004 - 2005,0,0,0,0,0,0,0,3,11.99,135.38,0,3,11.99,135.38,0,0,0,0,0,0,0,3,11.99,120,0,3,11.99,120
Jalgaon,2006 - 2007,0,0,0,0,0,0,0,45,155.88,"2,425.41",0,45,155.88,"2,425.41",0,0,0,0,0,0,0,45,155.994,"2,555.00",0,45,155.994,"2,555.00"
Jalgaon,2007 - 2008,0,0,0,0,0,0,0,15,161.76,"5,342.33",0,15,161.76,"5,342.33",0,0,0,0,0,0,0,15,164.05,"5,193.28",0,15,164.05,"5,193.28"
Jalgaon,2010 - 2011,0,0,0,0,0,0,0,44,263.89,"6,818.79",0,44,263.89,"6,818.79",0,0,0,0,0,0,0,44,260.9,"6,517.83",0,44,260.9,"6,517.83"
Jalgaon,2012 - 2013,0,0,0,0,0,0,0,0,0,0,16,0,0,"2,119.18",0,0,0,0,0,0,0,0,0,0,16,0,0,"2,771.53"
Jalgaon,2013 - 2014,0,0,0,0,0,0,0,24,157.18,"7,487.00",3,24,157.18,"7,487.00",0,0,0,0,0,0,0,24,156.171,"6,945.63",3,24,156.171,"7,339.68"
Jalgaon,2020 - 2021,0,0,0,0,0,0,0,2,18.11,"1,205.03",0,2,18.11,"1,205.03",0,0,0,0,0,0,0,2,17.95,"1,235.66",0,2,17.95,"1,235.66"
Jalgaon,2022 - 2023,0,0,0,0,0,0,0,17,120.11,"9,428.74",0,17,120.11,"9,428.74",0,0,0,0,0,0,0,4,76.73,"6,557.19",0,4,76.73,"6,557.19"
Jalgaon,2023 - 2024,0,0,0,0,0,0,0,0,0,300.61,2,0,0,300.61,0,0,0,0,0,0,0,0,0,0,0,0,0,0
Jalgaon,2024 - 2025,0,0,0,0,0,0,0,10,58.43,"5,099.92",0,10,58.43,"5,099.92",0,0,0,0,0,0,0,0,8,510.34,0,0,8,510.34
Jalna,2000 - 2001,0,0,0,0,0,0,0,15,33.1,321.11,0,15,33.1,321.11,0,0,0,0,0,0,0,15,33.1,317.96,0,15,33.1,317.96
Jalna,2001 - 2002,0,0,0,0,0,0,0,28,81.58,882.76,0,28,81.58,882.76,0,0,0,0,0,0,0,28,81.58,819.14,0,28,81.58,819.14
Jalna,2003 - 2004,13,41.05,577.99,2,8,0,0,0,0,0,0,13,41.05,577.99,13,41.05,578.25,2,8,0,0,0,0,0,0,13,41.05,578.25
Jalna,2004 - 2005,0,0,0,0,0,0,0,3,16.3,156.25,0,3,16.3,156.25,0,0,0,0,0,0,0,3,16.3,164.75,0,3,16.3,164.75
Jalna,2006 - 2007,0,0,0,0,0,0,0,70,264.75,"4,320.14",0,70,264.75,"4,320.14",0,0,0,0,0,0,0,70,261.135,"4,479.46",0,70,261.135,"4,479.46"
Jalna,2007 - 2008,0,0,0,0,0,0,0,10,99.525,"2,931.43",0,10,99.525,"2,931.43",0,0,0,0,0,0,0,10,99.445,"2,739.04",0,10,99.445,"2,739.04"
Jalna,2008 - 2009,1,1.65,59.75,1,0,0,0,0,0,0,0,1,1.65,59.75,1,1.65,73.31,1,0,0,0,0,0,0,0,1,1.65,73.31
Jalna,2010 - 2011,1,1.11,35.33,1,0,0,0,32,264.335,"6,966.72",0,33,265.445,"7,002.05",1,1.11,35.44,1,0,0,0,32,260.585,"7,454.56",0,33,261.695,"7,490.00"
Jalna,2012 - 2013,0,0,0,0,0,0,0,2,14.75,907.25,65,2,14.75,"6,773.97",0,0,0,0,0,0,0,2,14.671,908.88,65,2,14.671,"6,582.81"
Jalna,2013 - 2014,0,0,0,0,0,0,0,6,28.8,"2,011.32",0,6,28.8,"2,011.32",0,0,0,0,0,0,0,6,28.16,"1,598.07",0,6,28.16,"1,598.07"
Jalna,2014 - 2015,0,0,0,0,0,0,0,3,21.15,"1,736.62",4,3,21.15,"1,736.62",0,0,0,0,0,0,0,3,21.05,"1,118.09",4,3,21.05,"1,397.50"
Jalna,2020 - 2021,0,0,0,0,0,0,0,26,149.075,"11,288.21",0,26,149.075,"11,288.21",0,0,0,0,0,0,0,21,135.639,"11,222.18",0,21,135.639,"11,222.18"
Jalna,2023 - 2024,0,0,0,0,0,0,0,0,0,"5,136.30",20,0,0,"5,136.30",0,0,0,0,0,0,0,0,0,0,0,0,0,509.57
Kolhapur,2000 - 2001,2,2.64,26.05,0,1,0,0,21,35.19,407.91,0,23,37.83,433.96,2,2.64,17.54,0,1,0,0,21,35.19,1.13,0,23,37.83,18.67
Kolhapur,2001 - 2002,20,47.52,624.54,5,15,0,0,11,17.43,172.19,0,31,64.95,796.73,20,47.22,516.68,5,15,0,0,11,17.43,165.29,0,31,64.65,681.97
Kolhapur,2003 - 2004,13,32.69,579.27,1,4,0,0,0,0,0,0,13,32.69,579.27,13,32.69,"1,189.03",1,4,0,0,0,0,0,0,13,32.69,"1,189.03"
Kolhapur,2004 - 2005,0,0,0,0,0,0,0,4,11.75,137.49,0,4,11.75,137.49,0,0,0,0,0,0,0,4,11.75,188.62,0,4,11.75,188.62
Kolhapur,2006 - 2007,2,6.6,192.47,1,0,0,0,25,149.4,"3,747.52",0,27,156,"3,939.99",2,6.6,257,1,0,0,0,25,149.4,"3,364.51",0,27,156,"3,621.51"
Kolhapur,2007 - 2008,0,0,0,0,0,0,0,8,107.25,"3,339.67",0,8,107.25,"3,339.67",0,0,0,0,0,0,0,8,107.25,"3,331.40",0,8,107.25,"3,331.40"
Kolhapur,2010 - 2011,0,0,0,0,0,0,0,33,169.34,"4,847.10",0,33,169.34,"4,847.10",0,0,0,0,0,0,0,33,164.78,"5,116.16",0,33,164.78,"5,116.16"
Kolhapur,2012 - 2013,0,0,0,0,0,0,0,1,4.3,248.62,10,1,4.3,"3,162.62",0,0,0,0,0,0,0,1,4.3,257.8,9,1,4.3,"4,526.80"
Kolhapur,2013 - 2014,0,0,0,0,0,0,0,12,70.77,"3,457.14",0,12,70.77,"3,457.14",0,0,0,0,0,0,0,12,69.68,"3,400.56",0,12,69.68,"3,400.56"
Kolhapur,2020 - 2021,0,0,0,0,0,0,0,9,45.66,"3,109.16",0,9,45.66,"3,109.16",0,0,0,0,0,0,0,9,45.635,"3,444.57",0,9,45.635,"3,444.57"
Kolhapur,2022 - 2023,0,0,0,0,0,0,0,24,120.24,"9,040.54",0,24,120.24,"9,040.54",0,0,0,0,0,0,0,13,94.428,"7,151.16",0,13,94.428,"7,151.16"
Kolhapur,2024 - 2025,0,0,0,0,0,0,0,6,30.945,"2,275.48",0,6,30.945,"2,275.48",0,0,0,0,0,0,0,0,4,418.87,0,0,4,418.87
Latur,2000 - 2001,0,0,0,0,0,0,0,54,75.7,494.24,0,54,75.7,494.24,0,0,0,0,0,0,0,54,75.7,541.25,0,54,75.7,541.25
Latur,2001 - 2002,0,0,0,0,0,0,0,20,48.97,571.23,0,20,48.97,571.23,0,0,0,0,0,0,0,20,48.97,576.15,0,20,48.97,576.15
Latur,2003 - 2004,1,3,31.65,0,1,0,0,8,20.96,202.9,0,9,23.96,234.55,1,3,23.79,0,1,0,0,8,20.96,229.33,0,9,23.96,253.12
Latur,2004 - 2005,0,0,0,0,0,0,0,4,11.25,121.32,0,4,11.25,121.32,0,0,0,0,0,0,0,4,11.25,130.66,0,4,11.25,130.66
Latur,2006 - 2007,2,2.45,53.55,0,2,0,0,57,139.07,"2,259.75",0,59,141.52,"2,313.30",2,2.45,54.87,0,2,0,0,57,139.07,"2,251.65",0,59,141.52,"2,306.52"
Latur,2007 - 2008,0,0,0,0,0,0,0,10,130.637,"3,481.78",0,10,130.637,"3,481.78",0,0,0,0,0,0,0,10,130.637,"3,913.48",0,10,130.637,"3,913.48"
Latur,2010 - 2011,0,0,0,0,0,0,0,40,185.355,"4,826.56",0,40,185.355,"4,826.56",0,0,0,0,0,0,0,40,185.355,"5,124.28",0,40,185.355,"5,124.28"
Latur,2012 - 2013,0,0,0,0,0,0,0,0,0,0,44,0,0,"5,779.73",0,0,0,0,0,0,0,0,0,0,44,0,0,"5,761.56"
Latur,2013 - 2014,0,0,0,0,0,0,0,8,67.27,"7,440.51",16,8,67.27,"7,440.51",0,0,0,0,0,0,0,8,66.85,"4,881.13",16,8,66.85,"6,541.60"
Latur,2020 - 2021,0,0,0,0,0,0,0,15,100.823,"8,226.99",0,15,100.823,"8,226.99",0,0,0,0,0,0,0,10,90.856,"6,688.94",0,10,90.856,"6,688.94"
Latur,2022 - 2023,0,0,0,0,0,0,0,5,40.26,"4,440.00",0,5,40.26,"4,440.00",0,0,0,0,0,0,0,3,39.73,"3,912.04",0,3,39.73,"3,912.04"
Latur,2023 - 2024,0,0,0,0,0,0,0,4,28.89,"4,526.08",9,4,28.89,"4,526.08",0,0,0,0,0,0,0,0,6.065,982.49,0,0,6.065,"1,315.36"
Nagpur,2000 - 2001,0,0,0,0,0,0,0,38,61.45,483.72,0,38,61.45,483.72,0,0,0,0,0,0,0,38,61.45,97.59,0,38,61.45,97.59
Nagpur,2001 - 2002,4,12.5,219.16,0,4,0,0,16,45.58,580.77,0,20,58.08,799.93,4,12.5,821.22,0,4,0,0,16,45.58,591.93,0,20,58.08,"1,413.15"
Nagpur,2003 - 2004,0,0,0,0,0,0,0,5,13.92,107.5,0,5,13.92,107.5,0,0,0,0,0,0,0,5,13.92,135.35,0,5,13.92,135.35
Nagpur,2004 - 2005,0,0,0,0,0,0,0,2,8.95,118.4,0,2,8.95,118.4,0,0,0,0,0,0,0,2,8.95,110.56,0,2,8.95,110.56
Nagpur,2006 - 2007,0,0,0,0,0,0,0,51,185.99,"2,524.15",0,51,185.99,"2,524.15",0,0,0,0,0,0,0,51,186.01,"2,480.62",0,51,186.01,"2,480.62"
Nagpur,2007 - 2008,0,0,0,0,0,0,0,12,154.98,"4,322.34",0,12,154.98,"4,322.34",0,0,0,0,0,0,0,12,140.493,"4,688.18",0,12,140.493,"4,688.18"
Nagpur,2010 - 2011,0,0,0,0,0,0,0,21,150.35,"3,993.13",0,21,150.35,"3,993.13",0,0,0,0,0,0,0,21,144.277,"3,780.41",0,21,144.277,"3,780.41"
Nagpur,2012 - 2013,0,0,0,0,0,0,0,1,8.8,632.56,11,1,8.8,"1,998.52",0,0,0,0,0,0,0,1,8.33,456.11,11,1,8.33,"1,610.73"
Nagpur,2013 - 2014,0,0,0,0,0,0,0,11,77.67,"4,951.02",0,11,77.67,"4,951.02",0,0,0,0,0,0,0,11,76.12,"3,668.51",0,11,76.12,"3,668.51"
Nagpur,2014 - 2015,0,0,0,0,0,0,0,3,24.36,"1,823.16",4,3,24.36,"1,823.16",0,0,0,0,0,0,0,3,23.229,"1,106.91",4,3,23.229,"1,516.65"
Nagpur,2020 - 2021,0,0,0,0,0,0,0,24,169.155,"13,684.62",0,24,169.155,"13,684.62",0,0,0,0,0,0,0,20,161.67,"10,774.75",0,20,161.67,"10,774.75"
Nagpur,2022 - 2023,0,0,0,0,0,0,0,7,46.82,"4,187.12",0,7,46.82,"4,187.12",0,0,0,0,0,0,0,4,45.21,"3,238.11",0,4,45.21,"3,238.11"
Nagpur,2023 - 2024,0,0,0,0,0,0,0,0,0,"4,911.17",18,0,0,"4,911.17",0,0,0,0,0,0,0,0,0,0,0,0,0,0
Nagpur,2024 - 2025,0,0,0,0,0,0,0,1,6.83,681.39,0,1,6.83,681.39,0,0,0,0,0,0,0,0,0,0,0,0,0,0
Nanded,2000 - 2001,0,0,0,0,0,0,0,29,62.2,467.22,0,29,62.2,467.22,0,0,0,0,0,0,0,29,62.2,"1,273.54",0,29,62.2,"1,273.54"
Nanded,2001 - 2002,12,29.04,476.49,3,7,2,0,0,0,0,0,12,29.04,476.49,12,29.04,505.02,3,7,2,0,0,0,0,0,12,29.04,505.02
Nanded,2003 - 2004,1,1.85,24.09,0,1,0,0,6,9.54,101.67,0,7,11.39,125.76,1,1.85,27.96,0,1,0,0,6,9.54,123.31,0,7,11.39,151.27
Nanded,2004 - 2005,0,0,0,0,0,0,0,3,11.39,110.4,0,3,11.39,110.4,0,0,0,0,0,0,0,3,11.39,125.68,0,3,11.39,125.68
Nanded,2006 - 2007,0,0,0,0,0,0,0,8,112.2,"2,033.25",0,8,112.2,"2,033.25",0,0,0,0,0,0,0,8,112.2,"2,181.24",0,8,112.2,"2,181.24"
Nanded,2007 - 2008,0,0,0,0,0,0,0,4,28.26,552.58,0,4,28.26,552.58,0,0,0,0,0,0,0,4,28.26,536.11,0,4,28.26,536.11
Nanded,2008 - 2009,1,5.07,190.12,0,0,1,0,24,65,"1,912.77",0,25,70.07,"2,102.89",1,5.07,239.5,0,0,1,0,24,55.22,"1,820.05",0,25,60.29,"2,059.55"
Nanded,2010 - 2011,0,0,0,0,0,0,0,27,271.64,"6,514.51",0,27,271.64,"6,514.51",0,0,0,0,0,0,0,27,250.01,"6,469.21",0,27,250.01,"6,469.21"
Nanded,2012 - 2013,0,0,0,0,0,0,0,0,0,0,20,0,0,"2,035.12",0,0,0,0,0,0,0,0,0,0,20,0,0,"2,095.52"
Nanded,2013 - 2014,0,0,0,0,0,0,0,16,123.3,"5,655.51",0,16,123.3,"5,655.51",0,0,0,0,0,0,0,16,122.9,"4,485.27",0,16,122.9,"4,485.27"
Nanded,2014 - 2015,0,0,0,0,0,0,0,3,32.13,"2,379.12",5,3,32.13,"2,379.12",0,0,0,0,0,0,0,3,32.13,"1,794.21",5,3,32.13,"2,154.06"
Nanded,2020 - 2021,0,0,0,0,0,0,0,23,166.73,"12,692.84",0,23,166.73,"12,692.84",0,0,0,0,0,0,0,11,113.399,"8,943.95",0,11,113.399,"8,943.95"
Nanded,2022 - 2023,0,0,0,0,0,0,0,4,25.18,"2,320.78",0,4,25.18,"2,320.78",0,0,0,0,0,0,0,0,2,432.26,0,0,2,432.26
Nanded,2023 - 2024,0,0,0,0,0,0,0,1,8.6,"1,658.54",3,1,8.6,"1,658.54",0,0,0,0,0,0,0,0,0,105.14,0,0,0,232.67
Nanded,2024 - 2025,0,0,0,0,0,0,0,2,13.93,"1,713.52",0,2,13.93,"1,713.52",0,0,0,0,0,0,0,0,0,99.3,0,0,0,99.3
Nandurbar,2000 - 2001,1,0.71,13.8,0,1,0,0,15,19.12,234.9,0,16,19.83,248.7,1,0.71,0.09,0,1,0,0,15,19.12,98.92,0,16,19.83,99.01
Nandurbar,2001 - 2002,10,35.4,615.55,8,4,0,0,2,3.75,47.99,0,12,39.15,663.54,10,35.4,628.81,8,4,0,0,2,3.75,54.74,0,12,39.15,683.55
Nandurbar,2003 - 2004,3,19.2,683.69,3,0,0,0,0,0,0,0,3,19.2,683.69,3,19.2,625.88,3,0,0,0,0,0,0,0,3,19.2,625.88
Nandurbar,2004 - 2005,3,31.84,"1,438.44",3,3,1,0,0,0,0,0,3,31.84,"1,438.44",3,31.84,"1,465.32",3,3,1,0,0,0,0,0,3,31.84,"1,465.32"
Nandurbar,2006 - 2007,4,21.93,899.28,1,3,2,0,45,127.28,"3,240.54",0,49,149.21,"4,139.82",4,21.93,947.56,1,3,2,0,45,127.28,"3,313.82",0,49,149.21,"4,261.38"
Nandurbar,2007 - 2008,16,108.79,"5,919.55",3,15,8,0,10,98.06,"3,790.48",0,26,206.85,"9,710.03",16,108.79,"6,644.49",3,15,8,0,10,98.06,"3,884.42",0,26,206.85,"10,528.91"
Nandurbar,2008 - 2009,26,212.515,"9,581.06",7,32,10,0,0,0,0,0,26,212.515,"9,581.06",26,203.665,"11,210.76",7,32,10,0,0,0,0,0,26,203.665,"11,210.76"
Nandurbar,2010 - 2011,0,0,0,0,0,0,0,17,111.68,"3,271.01",0,17,111.68,"3,271.01",0,0,0,0,0,0,0,17,111.68,"3,936.60",0,17,111.68,"3,936.60"
Nandurbar,2012 - 2013,22,196.98,"11,973.04",0,4,23,0,0,0,0,28,22,196.98,"13,828.90",21,179.02,"12,658.60",0,4,22,0,0,0,0,28,21,179.02,"14,480.38"
Nandurbar,2013 - 2014,5,113.19,"8,049.26",6,7,3,0,7,57.25,"3,091.99",1,12,170.44,"11,141.25",5,115.64,"13,632.33",6,7,3,0,7,50.725,"3,030.18",1,12,166.365,"16,974.92"
Nandurbar,2017 - 2018,13,74.075,"5,144.07",0,2,12,0,0,0,0,0,13,74.075,"5,144.07",11,67.705,"9,556.24",0,2,11,0,0,0,0,0,11,67.705,"9,556.24"
Nandurbar,2020 - 2021,0,0,0,0,0,0,0,6,53.985,"3,254.77",0,6,53.985,"3,254.77",0,0,0,0,0,0,0,5,53.51,"3,207.74",0,5,53.51,"3,207.74"
Nandurbar,2022 - 2023,0,0,0,0,0,0,0,15,101.83,"6,986.86",0,15,101.83,"6,986.86",0,0,0,0,0,0,0,0,50.605,"3,555.52",0,0,50.605,"3,555.52"
Nashik,2000 - 2001,0,0,0,0,0,0,0,19,46.34,449.71,0,19,46.34,449.71,0,0,0,0,0,0,0,19,47.34,70.85,0,19,47.34,70.85
Nashik,2001 - 2002,17,45.88,680.25,1,11,6,0,0,0,0,0,17,45.88,680.25,17,45.88,709.93,1,11,6,0,0,0,0,0,17,45.88,709.93
Nashik,2003 - 2004,14,51.21,818.52,0,7,7,0,0,0,0,0,14,51.21,818.52,14,51.21,694.98,0,7,7,0,0,0,0,0,14,51.21,694.98
Nashik,2004 - 2005,35,177.3,"3,154.55",1,15,29,0,0,0,0,0,35,177.3,"3,154.55",35,174.86,"3,018.29",1,15,29,0,0,0,0,0,35,174.86,"3,018.29"
Nashik,2006 - 2007,22,112.64,"3,423.76",1,4,29,0,33,208.54,"3,497.67",0,55,321.18,"6,921.43",22,108.22,"3,739.48",1,4,29,0,33,166.538,"3,135.69",0,55,274.758,"6,875.17"
Nashik,2007 - 2008,1,6.51,264.29,0,1,1,0,7,188.75,"6,437.81",0,8,195.26,"6,702.10",1,6.51,193.19,0,1,1,0,7,163.58,"5,319.68",0,8,170.09,"5,512.87"
Nashik,2010 - 2011,1,1.56,85.82,0,0,1,0,32,273.06,"7,985.87",0,33,274.62,"8,071.69",1,1.35,117.28,0,0,1,0,32,234.59,"7,925.48",0,33,235.94,"8,042.76"
Nashik,2012 - 2013,12,44.635,"2,424.67",0,4,11,0,0,0,0,23,12,44.635,"4,355.70",12,41.755,"2,246.74",0,4,11,0,0,0,0,23,12,41.755,"4,113.20"
Nashik,2013 - 2014,0,0,0,0,0,0,0,33,183.527,"10,493.82",6,33,183.527,"10,649.61",0,0,0,0,0,0,0,33,178.057,"10,571.51",6,33,178.057,"10,890.09"
Nashik,2017 - 2018,6,20.08,"1,044.85",0,1,6,0,0,0,0,1,6,20.08,"1,231.18",6,20.08,"1,347.93",0,1,6,0,0,0,0,1,6,20.08,"1,552.20"
Nashik,2020 - 2021,0,0,0,0,0,0,0,18,129.065,"7,944.26",0,18,129.065,"7,944.26",0,0,0,0,0,0,0,18,125.665,"8,922.30",0,18,125.665,"8,922.30"
Nashik,2022 - 2023,0,0,0,0,0,0,0,37,208.57,"16,085.63",0,37,208.57,"16,085.63",0,0,0,0,0,0,0,7,65.87,"11,219.44",0,7,65.87,"11,219.44"
Nashik,2023 - 2024,0,0,0,0,0,0,0,3,10.65,"3,934.19",11,3,10.65,"3,934.19",0,0,0,0,0,0,0,0,3,308.45,0,0,3,773.28
Nashik,2024 - 2025,3,3.46,337.72,0,0,0,0,10,71.82,"5,999.34",0,13,75.28,"6,337.06",0,0,0,0,0,0,0,0,0,"1,083.16",0,0,0,"1,083.16"
Osmanabad,2000 - 2001,0,0,0,0,0,0,0,24,41.22,443.31,0,24,41.22,443.31,0,0,0,0,0,0,0,24,41.22,447.94,0,24,41.22,447.94
Osmanabad,2001 - 2002,9,16.71,242.56,0,10,0,0,17,33.6,389.14,0,26,50.31,631.7,9,16.71,212.92,0,10,0,0,17,33.6,389.11,0,26,50.31,602.03
Osmanabad,2003 - 2004,0,0,0,0,0,0,0,6,16.22,205.01,0,6,16.22,205.01,0,0,0,0,0,0,0,6,16.22,204.01,0,6,16.22,204.01
Osmanabad,2004 - 2005,0,0,0,0,0,0,0,4,12.8,132.71,0,4,12.8,132.71,0,0,0,0,0,0,0,4,12.8,134.38,0,4,12.8,134.38
Osmanabad,2006 - 2007,0,0,0,0,0,0,0,50,116.29,"1,618.22",0,50,116.29,"1,618.22",0,0,0,0,0,0,0,50,116.29,"1,576.19",0,50,116.29,"1,576.19"
Osmanabad,2007 - 2008,0,0,0,0,0,0,0,4,22.45,615.3,0,4,22.45,615.3,0,0,0,0,0,0,0,4,22.45,603.13,0,4,22.45,603.13
Osmanabad,2010 - 2011,0,0,0,0,0,0,0,21,202.11,"4,998.42",0,21,202.11,"4,998.42",0,0,0,0,0,0,0,21,202.11,"4,940.34",0,21,202.11,"4,940.34"
Osmanabad,2012 - 2013,0,0,0,0,0,0,0,0,0,0,44,0,0,"3,875.13",0,0,0,0,0,0,0,0,0,0,44,0,0,"3,497.56"
Osmanabad,2013 - 2014,0,0,0,0,0,0,0,7,60.35,"5,014.33",9,7,60.35,"5,014.33",0,0,0,0,0,0,0,7,60.3,"3,771.62",9,7,60.3,"4,708.03"
Osmanabad,2020 - 2021,0,0,0,0,0,0,0,17,119.575,"10,146.03",0,17,119.575,"10,146.03",0,0,0,0,0,0,0,11,115.317,"9,305.21",0,11,115.317,"9,305.21"
Osmanabad,2022 - 2023,0,0,0,0,0,0,0,2,14.35,"1,300.82",0,2,14.35,"1,300.82",0,0,0,0,0,0,0,1,9.2,658.87,0,1,9.2,658.87
Osmanabad,2023 - 2024,0,0,0,0,0,0,0,0,0,"1,943.30",8,0,0,"1,943.30",0,0,0,0,0,0,0,0,0,0,0,0,0,84.15
Osmanabad,2024 - 2025,0,0,0,0,0,0,0,5,45.085,"4,251.80",0,5,45.085,"4,251.80",0,0,0,0,0,0,0,0,11.77,"1,951.08",0,0,11.77,"1,951.08"
Palghar,2000 - 2001,3,4.98,45.97,1,0,3,0,9,10.95,137.21,0,12,15.93,183.18,3,4.98,4.54,1,0,3,0,9,10.95,739.06,0,12,15.93,743.6
Palghar,2001 - 2002,22,33.03,768.17,3,15,7,0,0,0,0,0,22,33.03,768.17,22,32.305,520.79,3,15,7,0,0,0,0,0,22,32.305,520.79
Palghar,2003 - 2004,18,36.31,767.84,1,16,2,0,0,0,0,0,18,36.31,767.84,18,33.985,672.69,1,16,2,0,0,0,0,0,18,33.985,672.69
Palghar,2004 - 2005,12,18.95,300.94,0,12,0,0,0,0,0,0,12,18.95,300.94,12,16.24,259.03,0,12,0,0,0,0,0,0,12,16.24,259.03
Palghar,2006 - 2007,47,62.13,"2,017.27",0,5,44,0,0,0,0,0,47,62.13,"2,017.27",47,60.392,"1,820.21",0,5,44,0,0,0,0,0,47,60.392,"1,820.21"
Palghar,2007 - 2008,5,7.71,304.77,0,5,1,0,4,51.89,"1,619.56",0,9,59.6,"1,924.33",5,6.669,286.95,0,5,1,0,4,51.53,"1,483.81",0,9,58.199,"1,770.76"
Palghar,2008 - 2009,3,20.1,"1,078.96",0,4,1,0,0,0,0,0,3,20.1,"1,078.96",3,19.232,"1,067.11",0,4,1,0,0,0,0,0,3,19.232,"1,067.11"
Palghar,2010 - 2011,47,80.399,"3,251.08",0,5,52,0,0,0,0,0,47,80.399,"3,251.08",47,76.465,"2,368.93",0,5,52,0,0,0,0,0,47,76.465,"2,368.93"
Palghar,2012 - 2013,9,14.62,903.18,0,1,9,0,1,15.62,"1,278.07",0,10,30.24,"2,181.25",9,14.31,695.83,0,1,9,0,1,15.62,"1,258.64",0,10,29.93,"1,954.47"
Palghar,2013 - 2014,0,0,0,0,0,0,0,11,61.35,"3,046.98",1,11,61.35,"3,085.09",0,0,0,0,0,0,0,11,56.36,"2,863.26",1,11,56.36,"2,901.13"
Palghar,2014 - 2015,0,0,0,0,0,0,0,1,10.18,790.74,1,1,10.18,790.74,0,0,0,0,0,0,0,1,10.18,656.51,1,1,10.18,708.84
Palghar,2022 - 2023,0,0,0,0,0,0,0,16,107.115,"11,273.19",0,16,107.115,"11,273.19",0,0,0,0,0,0,0,4,61.336,"7,174.47",0,4,61.336,"7,174.47"
Palghar,2024 - 2025,0,0,0,0,0,0,0,1,7.176,502.89,0,1,7.176,502.89,0,0,0,0,0,0,0,0,0,0,0,0,0,0
Parbhani,2000 - 2001,0,0,0,0,0,0,0,29,52.05,418.42,0,29,52.05,418.42,0,0,0,0,0,0,0,29,51.05,415,0,29,51.05,415
Parbhani,2001 - 2002,3,8.75,122.88,1,2,0,0,25,47.34,574.07,0,28,56.09,696.95,3,5.46,89.27,1,2,0,0,25,46.84,"3,102.73",0,28,52.3,"3,192.00"
Parbhani,2003 - 2004,2,8.87,107.75,1,1,0,0,5,13.5,184.78,0,7,22.37,292.53,2,8.87,27.64,1,1,0,0,5,13.5,131.32,0,7,22.37,158.96
Parbhani,2004 - 2005,1,1.34,20.12,0,1,0,0,4,10.53,121.01,0,5,11.87,141.13,1,1.35,24.11,0,1,0,0,4,10.53,145.06,0,5,11.88,169.17
Parbhani,2006 - 2007,0,0,0,0,0,0,0,50,133.03,"2,192.53",0,50,133.03,"2,192.53",0,0,0,0,0,0,0,50,126.737,"2,157.00",0,50,126.737,"2,157.00"
Parbhani,2007 - 2008,0,0,0,0,0,0,0,11,83.63,"2,961.10",0,11,83.63,"2,961.10",0,0,0,0,0,0,0,11,79.09,"2,883.12",0,11,79.09,"2,883.12"
Parbhani,2010 - 2011,0,0,0,0,0,0,0,33,110.785,"3,266.95",0,33,110.785,"3,266.95",0,0,0,0,0,0,0,33,105.85,"3,122.54",0,33,105.85,"3,122.54"
Parbhani,2012 - 2013,0,0,0,0,0,0,0,1,4.12,175.48,18,1,4.12,"1,585.22",0,0,0,0,0,0,0,1,3.94,152.47,18,1,3.94,"1,549.72"
Parbhani,2013 - 2014,0,0,0,0,0,0,0,4,25.19,"1,633.06",1,4,25.19,"1,633.06",0,0,0,0,0,0,0,4,24.59,"1,328.05",1,4,24.59,"1,399.78"
Parbhani,2014 - 2015,0,0,0,0,0,0,0,3,24.19,"2,267.52",5,3,24.19,"2,267.52",0,0,0,0,0,0,0,3,23.99,"1,667.89",5,3,23.99,"2,144.11"
Parbhani,2017 - 2018,1,0.85,87.67,0,1,0,0,0,0,0,0,1,0.85,87.67,1,0.85,82.56,0,1,0,0,0,0,0,0,1,0.85,82.56
Parbhani,2022 - 2023,0,0,0,0,0,0,0,8,63.26,"6,812.10",0,8,63.26,"6,812.10",0,0,0,0,0,0,0,2,8,"5,400.57",0,2,8,"5,400.57"
Parbhani,2023 - 2024,0,0,0,0,0,0,0,3,16.57,"1,926.86",2,3,16.57,"1,926.86",0,0,0,0,0,0,0,0,0,0,0,0,0,206.08
Parbhani,2024 - 2025,0,0,0,0,0,0,0,5,34.335,"3,359.05",0,5,34.335,"3,359.05",0,0,0,0,0,0,0,0,6.1,123,0,0,6.1,123
Pune,2000 - 2001,1,2.7,31.27,1,0,0,0,27,49.3,392.19,0,28,52,423.46,1,2.7,30.71,1,0,0,0,27,49.3,"1,217.14",0,28,52,"1,247.85"
Pune,2001 - 2002,17,56.31,805.83,7,7,0,0,0,0,0,0,17,56.31,805.83,17,53.55,"3,091.76",7,7,0,0,0,0,0,0,17,53.55,"3,091.76"
Pune,2003 - 2004,20,76.74,"1,043.60",13,6,2,0,0,0,0,0,20,76.74,"1,043.60",20,76.74,"1,172.95",13,6,2,0,0,0,0,0,20,76.74,"1,172.95"
Pune,2004 - 2005,34,121.31,"2,305.29",2,21,7,0,8,38.5,458.43,0,42,159.81,"2,763.72",33,110.567,"2,398.06",2,21,7,0,8,38.5,450.81,0,41,149.067,"2,848.87"
Pune,2006 - 2007,0,0,0,0,0,0,0,36,362.8,"9,157.80",0,36,362.8,"9,157.80",0,0,0,0,0,0,0,36,362.8,"9,335.33",0,36,362.8,"9,335.33"
Pune,2007 - 2008,0,0,0,0,0,0,0,37,300.235,"10,870.94",0,37,300.235,"10,870.94",0,0,0,0,0,0,0,37,299.045,"9,950.88",0,37,299.045,"9,950.88"
Pune,2010 - 2011,0,0,0,0,0,0,0,61,338.355,"9,340.46",0,61,338.355,"9,340.46",0,0,0,0,0,0,0,61,333.61,"9,242.34",0,61,333.61,"9,242.34"
Pune,2011 - 2012,0,0,0,0,0,0,0,1,6.3,176.16,0,1,6.3,176.16,0,0,0,0,0,0,0,1,6.3,155.17,0,1,6.3,155.17
Pune,2012 - 2013,0,0,0,0,0,0,0,0,0,0,16,0,0,898.31,0,0,0,0,0,0,0,0,0,0,16,0,0,"1,223.10"
Pune,2013 - 2014,6,17.71,"1,048.63",0,1,3,0,29,199.76,"10,048.71",0,35,217.47,"11,097.34",6,16.21,861.25,0,1,3,0,29,195.66,"9,688.54",0,35,211.87,"10,549.79"
Pune,2017 - 2018,1,3,240.57,0,0,1,0,0,0,0,0,1,3,240.57,1,3,250.58,0,0,1,0,0,0,0,0,1,3,250.58
Pune,2022 - 2023,0,0,0,0,0,0,0,31,202.22,"15,993.08",0,31,202.22,"15,993.08",0,0,0,0,0,0,0,8,123.166,"12,637.99",0,8,123.166,"12,637.99"
Pune,2023 - 2024,0,0,0,0,0,0,0,1,14.5,"1,480.06",1,1,14.5,"1,480.06",0,0,0,0,0,0,0,0,0,810.54,0,0,0,810.54
Pune,2024 - 2025,0,0,0,0,0,0,0,15,85.915,"8,139.62",0,15,85.915,"8,139.62",0,0,0,0,0,0,0,0,0.6,"1,103.85",0,0,0.6,"1,103.85"
Raigad,2000 - 2001,1,1.4,28.3,1,0,0,0,14,23.07,296.47,0,15,24.47,324.77,1,1.4,21.9,1,0,0,0,14,23.07,352.82,0,15,24.47,374.72
Raigad,2001 - 2002,14,28.4,807.4,3,11,0,0,0,0,0,0,14,28.4,807.4,14,27.97,974.35,3,11,0,0,0,0,0,0,14,27.97,974.35
Raigad,2003 - 2004,16,28.6,757.22,0,5,2,0,0,0,0,0,16,28.6,757.22,16,28.18,896.75,0,5,2,0,0,0,0,0,16,28.18,896.75
Raigad,2004 - 2005,0,0,0,0,0,0,0,0,0,0,0,0,0,0,0,0,0,0,0,0,0,0,0,0,0,0,0,0
Raigad,2006 - 2007,18,42.01,"2,318.59",0,8,5,0,0,0,0,0,18,42.01,"2,318.59",18,41.79,"2,231.89",0,8,5,0,0,0,0,0,18,41.79,"2,231.89"
Raigad,2007 - 2008,1,4.2,193.07,1,0,0,0,7,76.075,"2,646.82",0,8,80.275,"2,839.89",1,3.6,181.98,1,0,0,0,7,75.31,"4,182.57",0,8,78.91,"4,364.55"
Raigad,2010 - 2011,2,11.57,668.22,0,2,1,0,13,98.12,"2,744.37",0,15,109.69,"3,412.59",2,6,410.99,0,2,1,0,13,96.62,"2,580.06",0,15,102.62,"2,991.05"
Raigad,2012 - 2013,1,3.5,182.25,0,0,1,0,0,0,0,2,1,3.5,430.17,1,3.85,182.78,0,0,1,0,0,0,0,2,1,3.85,426.72
Raigad,2014 - 2015,0,0,0,0,0,0,0,9,59.569,"2,755.18",0,9,59.569,"2,755.18",0,0,0,0,0,0,0,9,59.122,"2,543.62",0,9,59.122,"2,543.62"
Raigad,2017 - 2018,1,4.65,660,0,1,0,0,0,0,0,0,1,4.65,660,1,4.5,692.53,0,1,0,0,0,0,0,0,1,4.5,692.53
Raigad,2022 - 2023,0,0,0,0,0,0,0,14,71.75,"5,785.86",0,14,71.75,"5,785.86",0,0,0,0,0,0,0,5,40.768,"3,304.86",0,5,40.768,"3,304.86"
Raigad,2023 - 2024,0,0,0,0,0,0,0,1,5,406.72,0,1,5,406.72,0,0,0,0,0,0,0,0,1.2,196.95,0,0,1.2,196.95
Raigad,2024 - 2025,13,14.035,"1,547.17",0,0,0,0,0,0,0,0,13,14.035,"1,547.17",0,0,0,0,0,0,0,0,0,0,0,0,0,0
Ratnagiri,2000 - 2001,0,0,0,0,0,0,0,17,42.85,473.36,0,17,42.85,473.36,0,0,0,0,0,0,0,17,42.85,635.6,0,17,42.85,635.6
Ratnagiri,2001 - 2002,14,18.323,460.94,0,11,0,0,16,20.48,339.15,0,30,38.803,800.09,14,19.07,508.69,0,11,0,0,16,20.475,303.89,0,30,39.545,812.58
Ratnagiri,2003 - 2004,15,29.98,691.62,0,6,0,0,0,0,0,0,15,29.98,691.62,15,29.98,873.18,0,6,0,0,0,0,0,0,15,29.98,873.18
Ratnagiri,2004 - 2005,8,14.16,569.07,0,8,0,0,0,0,0,0,8,14.16,569.07,8,14.16,"-7,055.68",0,8,0,0,0,0,0,0,8,14.16,"-7,055.68"
Ratnagiri,2006 - 2007,26,56.14,"2,263.50",0,25,0,0,16,37.37,"1,124.15",0,42,93.51,"3,387.65",26,56.14,"2,203.57",0,25,0,0,16,37.37,"1,117.05",0,42,93.51,"3,320.62"
Ratnagiri,2007 - 2008,0,0,0,0,0,0,0,15,117.51,"5,723.33",0,15,117.51,"5,723.33",0,0,0,0,0,0,0,15,117.51,"13,925.21",0,15,117.51,"13,925.21"
Ratnagiri,2010 - 2011,0,0,0,0,0,0,0,20,107.16,"3,436.06",0,20,107.16,"3,436.06",0,0,0,0,0,0,0,20,106.16,"3,051.67",0,20,106.16,"3,051.67"
Ratnagiri,2013 - 2014,0,0,0,0,0,0,0,5,26.7,"1,615.44",0,5,26.7,"1,615.44",0,0,0,0,0,0,0,5,26.5,"1,571.65",0,5,26.5,"1,571.65"
Ratnagiri,2014 - 2015,0,0,0,0,0,0,0,9,59.21,"3,397.05",7,9,59.21,"3,397.05",0,0,0,0,0,0,0,9,59.11,"2,779.25",7,9,59.11,"3,207.46"
Ratnagiri,2022 - 2023,0,0,0,0,0,0,0,36,224.321,"17,339.97",0,36,224.321,"17,339.97",0,0,0,0,0,0,0,10,130.717,"10,129.14",0,10,130.717,"10,129.14"
Ratnagiri,2024 - 2025,0,0,0,0,0,0,0,10,55.745,"5,467.30",0,10,55.745,"5,467.30",0,0,0,0,0,0,0,0,0,0,0,0,0,0
Sangali,2000 - 2001,0,0,0,0,0,0,0,26,54.37,432.38,0,26,54.37,432.38,0,0,0,0,0,0,0,26,54.33,108.15,0,26,54.33,108.15
Sangali,2001 - 2002,29,61.84,761.7,18,11,0,0,3,9.3,92.7,0,32,71.14,854.4,29,61.76,772.33,18,11,0,0,3,9.3,70.03,0,32,71.06,842.36
Sangali,2003 - 2004,14,36.53,565.11,3,11,0,0,0,0,0,0,14,36.53,565.11,14,36.53,623.17,3,11,0,0,0,0,0,0,14,36.53,623.17
Sangali,2004 - 2005,0,0,0,0,0,0,0,5,14.9,173.7,0,5,14.9,173.7,0,0,0,0,0,0,0,5,14.25,142,0,5,14.25,142
Sangali,2006 - 2007,14,31.03,654.72,0,14,0,0,45,150.05,"2,541.48",0,59,181.08,"3,196.20",14,26.82,629.48,0,14,0,0,45,146.23,"2,466.71",0,59,173.05,"3,096.19"
Sangali,2007 - 2008,1,1.685,48.47,1,0,0,0,14,140.513,"4,261.49",0,15,142.198,"4,309.96",1,1.65,45.16,1,0,0,0,14,139.042,"5,013.86",0,15,140.692,"5,059.02"
Sangali,2010 - 2011,0,0,0,0,0,0,0,56,192.444,"4,902.08",0,56,192.444,"4,902.08",0,0,0,0,0,0,0,56,186.822,"4,783.27",0,56,186.822,"4,783.27"
Sangali,2012 - 2013,0,0,0,0,0,0,0,0,0,0,8,0,0,702.4,0,0,0,0,0,0,0,0,0,0,8,0,0,690.19
Sangali,2013 - 2014,0,0,0,0,0,0,0,15,75.158,"3,606.34",0,15,75.158,"3,606.34",0,0,0,0,0,0,0,15,74.769,"3,615.83",0,15,74.769,"3,615.83"
Sangali,2022 - 2023,0,0,0,0,0,0,0,14,81.686,"6,998.13",0,14,81.686,"6,998.13",0,0,0,0,0,0,0,11,80.516,"6,737.78",0,11,80.516,"6,737.78"
Sangali,2023 - 2024,0,0,0,0,0,0,0,8,46.982,"3,574.89",0,8,46.982,"3,574.89",0,0,0,0,0,0,0,0,11.1,"1,677.05",0,0,11.1,"1,677.05"
Sangali,2024 - 2025,0,0,0,0,0,0,0,7,52.085,"3,893.66",0,7,52.085,"3,893.66",0,0,0,0,0,0,0,0,0,543.16,0,0,0,543.16
Satara,2000 - 2001,0,0,0,0,0,0,0,24,101.62,408.74,0,24,101.62,408.74,0,0,0,0,0,0,0,24,101.62,16.97,0,24,101.62,16.97
Satara,2001 - 2002,22,46.86,685.86,2,21,0,0,0,0,0,0,22,46.86,685.86,22,46.86,735.06,2,21,0,0,0,0,0,0,22,46.86,735.06
Satara,2003 - 2004,12,60.14,"1,274.11",0,14,0,0,0,0,0,0,12,60.14,"1,274.11",12,60.14,"1,297.00",0,14,0,0,0,0,0,0,12,60.14,"1,297.00"
Satara,2004 - 2005,7,31.59,589.66,0,8,0,0,0,0,0,0,7,31.59,589.66,7,31.19,574.72,0,8,0,0,0,0,0,0,7,31.19,574.72
Satara,2006 - 2007,21,88.28,"2,233.40",1,20,0,0,3,32.8,599.72,0,24,121.08,"2,833.12",21,76.165,"1,860.28",1,20,0,0,3,32.55,592.8,0,24,108.715,"2,453.08"
Satara,2007 - 2008,0,0,0,0,0,0,0,9,170.27,"4,837.96",0,9,170.27,"4,837.96",0,0,0,0,0,0,0,9,168.75,"5,450.16",0,9,168.75,"5,450.16"
Satara,2010 - 2011,0,0,0,0,0,0,0,39,292.175,"8,284.08",0,39,292.175,"8,284.08",0,0,0,0,0,0,0,39,284.61,"6,878.63",0,39,284.61,"6,878.63"
Satara,2012 - 2013,0,0,0,0,0,0,0,0,0,0,2,0,0,427.66,0,0,0,0,0,0,0,0,0,0,2,0,0,636.53
Satara,2013 - 2014,0,0,0,0,0,0,0,18,111.795,"5,733.97",0,18,111.795,"5,733.97",0,0,0,0,0,0,0,18,107.28,"5,177.00",0,18,107.28,"5,177.00"
Satara,2020 - 2021,0,0,0,0,0,0,0,2,11.165,716.82,0,2,11.165,716.82,0,0,0,0,0,0,0,2,9.97,749.69,0,2,9.97,749.69
Satara,2022 - 2023,0,0,0,0,0,0,0,38,206.47,"14,928.26",0,38,206.47,"14,928.26",0,0,0,0,0,0,0,4,143.954,"10,116.69",0,4,143.954,"10,116.69"
Satara,2023 - 2024,0,0,0,0,0,0,0,5,21.795,"1,662.98",0,5,21.795,"1,662.98",0,0,0,0,0,0,0,0,3,438.06,0,0,3,438.06
Satara,2024 - 2025,0,0,0,0,0,0,0,11,65.36,"5,987.91",0,11,65.36,"5,987.91",0,0,0,0,0,0,0,0,1.8,342.69,0,0,1.8,342.69
Sindhudurg,2000 - 2001,0,0,0,0,0,0,0,18,34.37,477.04,0,18,34.37,477.04,0,0,0,0,0,0,0,18,34.37,292.47,0,18,34.37,292.47
Sindhudurg,2001 - 2002,19,42.84,681.9,4,15,0,0,0,0,0,0,19,42.84,681.9,19,42.96,728.62,4,15,0,0,0,0,0,0,19,42.96,728.62
Sindhudurg,2003 - 2004,9,39.94,837.37,0,5,0,0,0,0,0,0,9,39.94,837.37,9,36.94,613.59,0,5,0,0,0,0,0,0,9,36.94,613.59
Sindhudurg,2004 - 2005,4,10.9,225.68,0,4,0,0,0,0,0,0,4,10.9,225.68,4,10.9,259.91,0,4,0,0,0,0,0,0,4,10.9,259.91
Sindhudurg,2006 - 2007,0,0,0,0,0,0,0,38,135.86,"4,055.11",0,38,135.86,"4,055.11",0,0,0,0,0,0,0,38,134.755,"3,922.27",0,38,134.755,"3,922.27"
Sindhudurg,2007 - 2008,1,5.5,220.41,1,0,0,0,26,108.75,"5,116.10",0,27,114.25,"5,336.51",1,5.5,97.87,1,0,0,0,26,106.33,"5,318.96",0,27,111.83,"5,416.83"
Sindhudurg,2010 - 2011,0,0,0,0,0,0,0,18,94.17,"3,548.87",0,18,94.17,"3,548.87",0,0,0,0,0,0,0,18,90.72,"3,452.51",0,18,90.72,"3,452.51"
Sindhudurg,2012 - 2013,0,0,0,0,0,0,0,0,0,0,7,0,0,"1,592.81",0,0,0,0,0,0,0,0,0,0,7,0,0,"2,297.68"
Sindhudurg,2013 - 2014,0,0,0,0,0,0,0,6,26.31,"1,516.75",0,6,26.31,"1,516.75",0,0,0,0,0,0,0,6,29.744,"1,338.53",0,6,29.744,"1,338.53"
Sindhudurg,2014 - 2015,0,0,0,0,0,0,0,11,55.472,"3,872.14",3,11,55.472,"3,872.14",0,0,0,0,0,0,0,11,65.054,"3,417.55",3,11,65.054,"3,911.34"
Sindhudurg,2022 - 2023,0,0,0,0,0,0,0,30,122.458,"10,612.10",0,30,122.458,"10,612.10",0,0,0,0,0,0,0,0,5.45,"2,415.97",0,0,5.45,"2,415.97"
Sindhudurg,2023 - 2024,0,0,0,0,0,0,0,3,9.76,812.22,0,3,9.76,812.22,0,0,0,0,0,0,0,0,0,0,0,0,0,0
Sindhudurg,2024 - 2025,0,0,0,0,0,0,0,6,36.47,"2,717.03",0,6,36.47,"2,717.03",0,0,0,0,0,0,0,0,0,0,0,0,0,0
Solapur,2000 - 2001,0,0,0,0,0,0,0,19,51.76,495.15,0,19,51.76,495.15,0,0,0,0,0,0,0,19,51.76,0.84,0,19,51.76,0.84
Solapur,2001 - 2002,6,18.65,341.39,3,3,0,0,19,51.62,493.39,0,25,70.27,834.78,6,18.65,588.37,3,3,0,0,19,51.62,555.63,0,25,70.27,"1,144.00"
Solapur,2003 - 2004,0,0,0,0,0,0,0,6,18.73,198.09,0,6,18.73,198.09,0,0,0,0,0,0,0,6,18.73,519.68,0,6,18.73,519.68
Solapur,2004 - 2005,0,0,0,0,0,0,0,5,13.51,174.59,0,5,13.51,174.59,0,0,0,0,0,0,0,5,13.51,163.83,0,5,13.51,163.83
Solapur,2006 - 2007,0,0,0,0,0,0,0,100,356.25,"5,960.02",0,100,356.25,"5,960.02",0,0,0,0,0,0,0,100,354.393,"6,217.18",0,100,354.393,"6,217.18"
Solapur,2007 - 2008,0,0,0,0,0,0,0,34,285.42,"7,945.06",0,34,285.42,"7,945.06",0,0,0,0,0,0,0,34,285.52,"10,308.80",0,34,285.52,"10,308.80"
Solapur,2010 - 2011,0,0,0,0,0,0,0,99,447.2,"12,121.68",0,99,447.2,"12,121.68",0,0,0,0,0,0,0,99,442.394,"12,027.08",0,99,442.394,"12,027.08"
Solapur,2012 - 2013,0,0,0,0,0,0,0,0,0,0,16,0,0,"1,137.62",0,0,0,0,0,0,0,0,0,0,16,0,0,"1,127.31"
Solapur,2013 - 2014,0,0,0,0,0,0,0,14,125.65,"7,745.58",3,14,125.65,"7,745.58",0,0,0,0,0,0,0,14,122.478,"7,109.07",3,14,122.478,"7,307.71"
Solapur,2021 - 2022,0,0,0,0,0,0,0,34,227.65,"17,260.47",0,34,227.65,"17,260.47",0,0,0,0,0,0,0,27,210.63,"17,906.25",0,27,210.63,"17,906.25"
Solapur,2022 - 2023,0,0,0,0,0,0,0,6,44.3,"3,752.26",0,6,44.3,"3,752.26",0,0,0,0,0,0,0,0,37.2,"3,026.68",0,0,37.2,"3,026.68"
Solapur,2023 - 2024,0,0,0,0,0,0,0,5,28.35,"2,758.80",2,5,28.35,"2,758.80",0,0,0,0,0,0,0,0,0,572.88,0,0,0,572.88
Solapur,2024 - 2025,0,0,0,0,0,0,0,1,9.65,806.36,0,1,9.65,806.36,0,0,0,0,0,0,0,0,0,0,0,0,0,0
Thane,2000 - 2001,4,4.5,47.5,1,1,1,0,6,7.84,96.14,0,10,12.34,143.64,4,4.5,5.7,1,1,1,0,6,7.84,23,0,10,12.34,28.7
Thane,2001 - 2002,3,5.24,103.57,0,2,1,0,0,0,0,0,3,5.24,103.57,3,4.34,61.73,0,2,1,0,0,0,0,0,3,4.34,61.73
Thane,2004 - 2005,3,3.76,67.75,0,1,2,0,0,0,0,0,3,3.76,67.75,3,3.602,61.2,0,1,2,0,0,0,0,0,3,3.602,61.2
Thane,2006 - 2007,3,4.3,118.21,0,0,3,0,0,0,0,0,3,4.3,118.21,3,4.27,105.23,0,0,3,0,0,0,0,0,3,4.27,105.23
Thane,2007 - 2008,1,1.633,75.35,1,0,0,0,4,36.825,"1,122.06",0,5,38.458,"1,197.41",1,1.28,39.84,1,0,0,0,4,35.335,838.99,0,5,36.615,878.83
Thane,2010 - 2011,9,21.614,865.17,0,0,9,0,3,17.325,786.14,0,12,38.939,"1,651.31",9,21.139,666.2,0,0,9,0,3,17.325,946.56,0,12,38.464,"1,612.76"
Thane,2012 - 2013,7,11.975,599.76,0,0,8,0,0,0,0,0,7,11.975,599.76,7,10.765,542.21,0,0,8,0,0,0,0,0,7,10.765,542.21
Thane,2013 - 2014,0,0,0,0,0,0,0,4,31.307,"1,418.71",0,4,31.307,"1,418.71",0,0,0,0,0,0,0,4,31.107,"1,220.26",0,4,31.107,"1,220.26"
Thane,2020 - 2021,0,0,0,0,0,0,0,17,87.81,"5,772.51",0,17,87.81,"5,772.51",0,0,0,0,0,0,0,5,58.06,"3,537.70",0,5,58.06,"3,537.70"
Thane,2024 - 2025,1,1.25,194.27,0,0,0,0,0,0,0,0,1,1.25,194.27,0,0,0,0,0,0,0,0,0,0,0,0,0,0
Wardha,2000 - 2001,2,5,39.8,0,0,0,0,12,33.19,248.55,0,14,38.19,288.35,2,5,0.18,0,0,0,0,12,33.19,77.55,0,14,38.19,77.73
Wardha,2001 - 2002,7,39.03,642.68,2,5,0,0,0,0,0,0,7,39.03,642.68,7,39.03,"-27,417.90",2,5,0,0,0,0,0,0,7,39.03,"-27,417.90"
Wardha,2003 - 2004,5,18.4,259.6,0,5,0,0,0,0,0,0,5,18.4,259.6,5,18.4,269.88,0,5,0,0,0,0,0,0,5,18.4,269.88
Wardha,2004 - 2005,3,12.4,142.18,1,2,0,0,0,0,0,0,3,12.4,142.18,3,12.4,128.1,1,2,0,0,0,0,0,0,3,12.4,128.1
Wardha,2006 - 2007,1,1.13,23.33,0,1,0,0,51,225.69,"3,253.98",0,52,226.82,"3,277.31",1,1.13,23.85,0,1,0,0,51,225.69,"3,323.82",0,52,226.82,"3,347.67"
Wardha,2007 - 2008,0,0,0,0,0,0,0,23,304.13,"9,702.30",0,23,304.13,"9,702.30",0,0,0,0,0,0,0,23,293.7,"10,363.03",0,23,293.7,"10,363.03"
Wardha,2010 - 2011,0,0,0,0,0,0,0,32,324.671,"8,098.33",0,32,324.671,"8,098.33",0,0,0,0,0,0,0,32,317.979,"7,744.39",0,32,317.979,"7,744.39"
Wardha,2012 - 2013,0,0,0,0,0,0,0,1,13.315,990.04,9,1,13.315,"1,659.78",0,0,0,0,0,0,0,1,13.32,967.99,9,1,13.32,"2,302.83"
Wardha,2013 - 2014,0,0,0,0,0,0,0,4,35.275,"1,971.16",1,4,35.275,"1,971.16",0,0,0,0,0,0,0,4,35.275,"1,645.85",1,4,35.275,"1,791.41"
Wardha,2014 - 2015,0,0,0,0,0,0,0,1,6.675,540.15,1,1,6.675,540.15,0,0,0,0,0,0,0,1,6.675,372.54,1,1,6.675,545.97
Wardha,2020 - 2021,0,0,0,0,0,0,0,15,90.26,"6,540.24",0,15,90.26,"6,540.24",0,0,0,0,0,0,0,15,88.641,"6,187.52",0,15,88.641,"6,187.52"
Wardha,2022 - 2023,0,0,0,0,0,0,0,2,13.86,"1,052.95",0,2,13.86,"1,052.95",0,0,0,0,0,0,0,1,12.58,843.55,0,1,12.58,843.55
Wardha,2023 - 2024,0,0,0,0,0,0,0,0,0,"3,703.50",17,0,0,"3,703.50",0,0,0,0,0,0,0,0,0,0,0,0,0,203.38
Washim,2000 - 2001,0,0,0,0,0,0,0,11,37.1,344.86,0,11,37.1,344.86,0,0,0,0,0,0,0,11,37.1,0.53,0,11,37.1,0.53
Washim,2001 - 2002,2,2.85,57,1,1,0,0,15,39,702.25,0,17,41.85,759.25,2,2.85,48.16,1,1,0,0,15,39,493.48,0,17,41.85,541.64
Washim,2003 - 2004,0,0,0,0,0,0,0,3,12.4,150.16,0,3,12.4,150.16,0,0,0,0,0,0,0,3,12.4,414.33,0,3,12.4,414.33
Washim,2004 - 2005,0,0,0,0,0,0,0,3,12,147.62,0,3,12,147.62,0,0,0,0,0,0,0,3,9.83,103.58,0,3,9.83,103.58
Washim,2006 - 2007,1,3.82,58.31,0,1,0,0,40,142.01,"1,953.09",0,41,145.83,"2,011.40",1,3.82,28.01,0,1,0,0,40,138.41,"1,919.36",0,41,142.23,"1,947.37"
Washim,2007 - 2008,0,0,0,0,0,0,0,8,84,"2,143.38",0,8,84,"2,143.38",0,0,0,0,0,0,0,8,84,"2,073.53",0,8,84,"2,073.53"
Washim,2010 - 2011,0,0,0,0,0,0,0,20,126.07,"3,267.22",0,20,126.07,"3,267.22",0,0,0,0,0,0,0,20,125.17,"3,452.17",0,20,125.17,"3,452.17"
Washim,2012 - 2013,0,0,0,0,0,0,0,1,20.5,803.63,9,1,20.5,"1,422.31",0,0,0,0,0,0,0,1,20.5,785.29,9,1,20.5,"1,363.47"
Washim,2013 - 2014,0,0,0,0,0,0,0,5,30.9,"1,732.79",0,5,30.9,"1,732.79",0,0,0,0,0,0,0,5,30.9,"1,552.06",0,5,30.9,"1,552.06"
Washim,2014 - 2015,0,0,0,0,0,0,0,1,8.48,695.22,1,1,8.48,695.22,0,0,0,0,0,0,0,1,8.48,461.57,1,1,8.48,587.79
Washim,2020 - 2021,0,0,0,0,0,0,0,11,65.305,"4,866.05",0,11,65.305,"4,866.05",0,0,0,0,0,0,0,5,50.18,"3,733.62",0,5,50.18,"3,733.62"
Washim,2021 - 2022,0,0,0,0,0,0,0,4,26.34,"2,044.64",0,4,26.34,"2,044.64",0,0,0,0,0,0,0,2,20.525,"1,489.60",0,2,20.525,"1,489.60"
Washim,2022 - 2023,0,0,0,0,0,0,0,2,12.29,809.49,0,2,12.29,809.49,0,0,0,0,0,0,0,2,12.29,795.22,0,2,12.29,795.22
Washim,2023 - 2024,0,0,0,0,0,0,0,0,0,"2,069.20",8,0,0,"2,069.20",0,0,0,0,0,0,0,0,0,0,0,0,0,418.59
Yavatmal,2000 - 2001,0,0,0,0,0,0,0,25,46.6,379.22,0,25,46.6,379.22,0,0,0,0,0,0,0,25,46.6,"6,829.62",0,25,46.6,"6,829.62"
Yavatmal,2001 - 2002,16,27.2,597.35,0,17,1,0,2,6.12,77.86,0,18,33.32,675.21,16,27.2,472.31,0,17,1,0,2,6.12,67.85,0,18,33.32,540.16
Yavatmal,2003 - 2004,1,4.1,58.03,0,1,0,0,3,14.82,188.18,0,4,18.92,246.21,1,4.1,108.8,0,1,0,0,3,14.82,175.86,0,4,18.92,284.66
Yavatmal,2004 - 2005,0,0,0,0,0,0,0,3,10.81,134.29,0,3,10.81,134.29,0,0,0,0,0,0,0,3,10.81,140.38,0,3,10.81,140.38
Yavatmal,2006 - 2007,0,0,0,0,0,0,0,58,190.8,"2,641.24",0,58,190.8,"2,641.24",0,0,0,0,0,0,0,58,190.8,"2,574.32",0,58,190.8,"2,574.32"
Yavatmal,2007 - 2008,0,0,0,0,0,0,0,7,201.05,"4,841.78",0,7,201.05,"4,841.78",0,0,0,0,0,0,0,7,201.05,"5,236.34",0,7,201.05,"5,236.34"
Yavatmal,2008 - 2009,0,0,0,0,0,0,0,5,99.6,"2,444.61",0,5,99.6,"2,444.61",0,0,0,0,0,0,0,5,100.1,"1,909.07",0,5,100.1,"1,909.07"
Yavatmal,2010 - 2011,0,0,0,0,0,0,0,19,230.7,"5,437.69",0,19,230.7,"5,437.69",0,0,0,0,0,0,0,19,235.2,"8,680.37",0,19,235.2,"8,680.37"
Yavatmal,2012 - 2013,0,0,0,0,0,0,0,0,0,0,33,0,0,"2,407.31",0,0,0,0,0,0,0,0,0,0,33,0,0,"-1,476.65"
Yavatmal,2013 - 2014,0,0,0,0,0,0,0,18,141.54,"7,017.90",4,18,141.54,"7,346.50",0,0,0,0,0,0,0,18,141.54,"37,986.33",4,18,141.54,"38,068.73"
Yavatmal,2014 - 2015,0,0,0,0,0,0,0,3,22.9,"1,502.54",5,3,22.9,"1,502.54",0,0,0,0,0,0,0,3,22.9,855.06,5,3,22.9,-794.74
Yavatmal,2020 - 2021,0,0,0,0,0,0,0,18,150.49,"10,703.23",0,18,150.49,"10,703.23",0,0,0,0,0,0,0,17,146.44,"11,888.44",0,17,146.44,"11,888.44"
Yavatmal,2021 - 2022,0,0,0,0,0,0,0,12,90.21,"6,463.96",0,12,90.21,"6,463.96",0,0,0,0,0,0,0,11,78.414,"5,354.10",0,11,78.414,"5,354.10"
Yavatmal,2023 - 2024,0,0,0,0,0,0,0,0,0,"5,760.58",26,0,0,"5,760.58",0,0,0,0,0,0,0,0,0,0,0,0,0,939.48